"carat","cut","color","clarity","depth","table","price","x","y","z"
1.51,"Premium","D","SI1",61.6,57,12738,7.41,7.32,4.54
0.41,"Ideal","F","VVS2",60.1,57,1115,4.83,4.85,2.91
2.42,"Premium","J","SI2",62.3,58,16198,8.63,8.55,5.35
1.57,"Premium","H","VS1",61.7,58,10880,7.47,7.56,4.64
0.32,"Ideal","F","VS2",61.2,56,828,4.44,4.41,2.71
0.32,"Ideal","F","VS1",61.6,57,716,4.39,4.42,2.71
1.05,"Good","D","SI2",60,63,4560,6.59,6.64,3.97
0.55,"Very Good","F","VS2",61.6,56.1,1777,5.29,5.31,3.27
2.18,"Very Good","E","I1",62,60,10340,8.25,8.33,5.14
0.43,"Premium","D","VS2",60.7,58,1056,4.84,4.88,2.95
0.57,"Ideal","F","VVS2",61.7,56,2402,5.31,5.35,3.29
1.59,"Ideal","I","SI1",62.1,57,8835,7.48,7.46,4.64
1.29,"Ideal","I","VS2",62.7,57,6509,6.97,6.91,4.35
1.21,"Ideal","H","SI1",60.7,57,7810,6.85,6.89,4.17
1.06,"Ideal","H","SI2",59.9,58,4749,6.67,6.63,3.98
0.34,"Very Good","D","SI1",62.8,55,626,4.45,4.5,2.81
0.34,"Premium","D","SI2",59.2,59,507,4.54,4.58,2.7
1.01,"Good","D","SI1",63.9,60,5055,6.29,6.32,4.03
0.71,"Premium","F","SI1",59.8,61,2633,5.81,5.79,3.47
1.02,"Ideal","H","SI2",60.5,57,4297,6.52,6.56,3.95
0.68,"Ideal","D","VVS1",61.3,57,4325,5.66,5.69,3.48
0.41,"Good","E","VVS1",63.5,57,1002,4.73,4.75,3.01
0.5,"Premium","D","VS2",61.4,59,1752,5.11,5.15,3.15
0.41,"Ideal","D","SI1",61.4,56,791,4.77,4.8,2.94
1,"Very Good","E","VVS2",59.5,59,9139,6.54,6.58,3.9
0.31,"Premium","F","VS2",61.8,59,802,4.33,4.31,2.67
0.3,"Ideal","D","SI1",61.8,56,508,4.31,4.33,2.67
0.44,"Very Good","E","VVS2",59.6,59,1337,4.98,4.99,2.97
0.8,"Ideal","D","SI2",61.9,54,3210,5.95,6,3.7
1.18,"Ideal","E","I1",61.6,56,4229,6.82,6.79,4.19
0.31,"Ideal","H","VVS2",62.8,57,802,4.33,4.3,2.71
0.55,"Ideal","F","SI2",61.2,56,1263,5.29,5.23,3.22
1.02,"Ideal","H","SI2",61.9,56,4353,6.47,6.51,4.02
1.55,"Very Good","G","SI1",59.2,59,10707,7.51,7.59,4.47
1,"Ideal","H","SI2",61.4,60,4713,6.35,6.41,3.92
0.36,"Premium","E","VS2",62,58,789,4.54,4.56,2.82
1,"Ideal","E","VS2",62,55,6043,6.42,6.38,3.97
0.31,"Very Good","F","SI1",60.7,58,516,4.35,4.38,2.65
1.71,"Ideal","G","VS1",62.2,55,17595,7.72,7.65,4.78
0.51,"Ideal","G","VVS2",61.1,56,1875,5.15,5.19,3.16
0.42,"Ideal","E","VVS2",62.3,55,1216,4.76,4.81,2.98
0.41,"Premium","E","SI1",60.4,58,930,4.79,4.75,2.88
0.43,"Ideal","J","VVS2",61.8,55,710,4.89,4.91,3.03
1.06,"Ideal","F","VVS2",62.1,57,9118,6.54,6.5,4.05
1.21,"Ideal","E","IF",61.8,56,17353,6.81,6.88,4.23
0.4,"Premium","G","VVS2",61.3,59,980,4.78,4.74,2.92
1.01,"Premium","D","SI1",62,60,6066,6.37,6.4,3.96
0.31,"Very Good","G","VVS2",62.7,55,627,4.32,4.35,2.72
0.46,"Very Good","F","VVS1",61.4,57,1657,4.95,4.99,3.05
0.7,"Fair","F","SI2",58.2,66,1920,5.77,5.74,3.35
1.01,"Premium","G","VS1",60.5,60,6353,6.52,6.44,3.92
0.74,"Very Good","J","VS2",60.8,58,2003,5.79,5.85,3.54
0.31,"Ideal","F","IF",61.4,56,1061,4.38,4.41,2.7
1.13,"Ideal","E","VVS1",61.8,57,13485,6.66,6.71,4.13
0.54,"Very Good","E","SI1",62.1,59,1379,5.17,5.2,3.22
0.71,"Ideal","F","VS1",61.5,57,2839,5.74,5.71,3.52
1.7,"Premium","I","VVS2",62.1,59,11775,7.6,7.53,4.7
0.52,"Ideal","H","VVS1",61.7,55,1847,5.2,5.17,3.2
0.5,"Fair","D","SI1",65.7,56,1323,5.01,4.97,3.28
1.51,"Premium","E","SI1",62.8,59,11565,7.3,7.26,4.57
0.37,"Very Good","G","VS1",58.4,59,657,4.76,4.69,2.76
0.52,"Ideal","G","SI2",61.6,55,1090,5.16,5.19,3.19
1,"Premium","F","SI2",60.4,58,3858,6.47,6.44,3.9
1,"Premium","F","SI2",62.4,61,4155,6.34,6.32,3.95
0.66,"Ideal","H","SI1",62.4,58,1609,5.53,5.56,3.46
1.23,"Ideal","D","VVS1",62.4,57,16253,6.88,6.83,4.28
1.51,"Ideal","H","SI1",61.3,56,9833,7.4,7.44,4.55
0.34,"Premium","H","VVS1",61.1,59,995,4.52,4.48,2.75
0.31,"Very Good","H","VVS1",58.5,59,755,4.45,4.5,2.62
0.76,"Very Good","G","VVS2",61.5,59,3394,5.83,5.91,3.61
0.75,"Premium","G","SI2",63,58,2250,5.81,5.77,3.62
2.11,"Ideal","H","SI2",61.5,57,12179,8.3,8.25,5.09
1.09,"Premium","H","SI2",61.2,62,4395,6.63,6.58,4.04
2,"Good","J","I1",63.6,62,6521,7.97,7.8,5.02
0.4,"Good","G","SI1",63.3,58,655,4.66,4.69,2.96
0.9,"Very Good","E","SI2",63.7,56,3482,6.08,6.13,3.89
1.05,"Very Good","H","SI1",63.1,60,4692,6.49,6.42,4.07
0.6,"Ideal","E","SI1",61.3,56,1890,5.49,5.44,3.35
0.37,"Premium","F","SI1",61.6,59,616,4.62,4.67,2.86
0.5,"Fair","E","VS2",79,73,2579,5.21,5.18,4.09
0.5,"Good","E","VS2",63.8,54,1752,5.05,5.07,3.23
0.51,"Ideal","H","SI2",61.7,55,1435,5.13,5.15,3.17
0.41,"Very Good","F","VS2",62.4,56,863,4.75,4.77,2.97
1.2,"Ideal","D","SI1",61.8,58,7508,6.76,6.83,4.2
0.7,"Very Good","H","VS2",63.2,57,2137,5.58,5.62,3.54
0.7,"Good","F","SI2",59,57,2100,5.8,5.83,3.43
0.43,"Very Good","F","VS2",61.3,59,905,4.81,4.84,2.96
1.31,"Premium","J","SI1",59.4,60,5446,7.06,7.12,4.21
1.09,"Ideal","G","VS1",60.5,57,7078,6.69,6.73,4.06
0.26,"Ideal","H","VS2",62.1,55,434,4.08,4.1,2.54
1.1,"Very Good","I","VS1",60.8,58.3,5196,6.63,6.68,4.04
0.51,"Good","H","VS2",61.8,65,1128,5.07,5.02,3.12
0.31,"Ideal","H","IF",61.3,56,789,4.39,4.42,2.7
0.34,"Ideal","G","IF",60.1,57,1014,4.54,4.58,2.74
0.38,"Ideal","G","VS1",62.4,54,759,4.63,4.67,2.9
0.57,"Ideal","E","VS2",60.8,56,1819,5.4,5.35,3.27
0.59,"Premium","E","SI1",58.7,57,1550,5.53,5.47,3.23
1.02,"Premium","H","I1",62.5,60,3199,6.41,6.39,4
0.3,"Ideal","E","SI1",61.7,58,499,4.29,4.3,2.65
0.9,"Very Good","I","VS2",62.1,61,3535,6.08,6.12,3.79
0.53,"Ideal","F","VVS2",61,57,2269,5.23,5.26,3.22
0.71,"Premium","E","SI2",61.4,59,2306,5.74,5.7,3.51
0.53,"Ideal","G","SI1",61.8,58,1255,5.16,5.19,3.2
0.34,"Premium","D","VS2",59.3,58,1033,4.55,4.52,2.69
0.34,"Premium","E","VS2",62.6,58,956,4.45,4.43,2.78
0.34,"Fair","F","VS2",64.7,55,816,4.52,4.41,2.89
0.7,"Premium","G","SI2",61.9,58,2268,5.64,5.6,3.48
1.17,"Fair","I","I1",64.5,59,2336,6.67,6.47,4.25
0.24,"Very Good","E","VS1",61.7,60,430,3.97,4,2.46
1.17,"Ideal","G","SI2",62.6,55,5743,6.74,6.78,4.23
0.7,"Premium","E","VS2",62.8,61,2737,5.66,5.62,3.54
1,"Premium","F","VVS1",61,60,9901,6.43,6.39,3.91
0.72,"Good","D","VS1",63.3,55,3570,5.69,5.75,3.62
1.01,"Premium","E","VS2",62.4,60,6488,6.39,6.43,4
0.3,"Premium","D","VS2",61.9,58,911,4.32,4.28,2.66
1.01,"Good","D","SI1",63.9,61,5147,6.31,6.28,4.02
1.02,"Ideal","D","VVS2",61,56,11765,6.52,6.55,3.99
0.51,"Very Good","D","VS2",62.5,58,1668,5.12,5.18,3.22
0.24,"Ideal","F","VVS2",62.1,56,678,3.96,3.99,2.46
0.37,"Ideal","F","VVS2",60.7,57,839,4.67,4.69,2.84
0.51,"Premium","E","VS2",61.6,58,1567,5.18,5.15,3.18
1.05,"Very Good","H","VS1",63.4,57,4969,6.48,6.45,4.1
1.5,"Very Good","I","VS2",63.3,55,9533,7.3,7.26,4.61
2.01,"Ideal","I","SI1",62.2,56,15116,8.12,8.06,5.03
0.32,"Premium","I","VS2",61.1,57,576,4.42,4.39,2.69
0.7,"Premium","F","SI1",61.9,58,2230,5.69,5.74,3.54
0.72,"Very Good","E","VS2",63,58,3065,5.69,5.73,3.6
1.13,"Ideal","H","SI1",62,57,4959,6.66,6.73,4.15
1.18,"Premium","G","VVS2",61.6,58,9137,6.77,6.8,4.18
0.56,"Premium","F","VS1",58.2,60,2016,5.41,5.38,3.14
1,"Premium","H","VS1",62.7,58,4732,6.37,6.33,3.98
0.3,"Premium","H","VS1",62.3,58,675,4.28,4.26,2.66
0.71,"Ideal","G","SI2",62.3,56,2266,5.68,5.72,3.55
0.35,"Very Good","H","SI1",61.3,55,504,4.55,4.58,2.8
0.47,"Ideal","E","SI2",61.5,55,931,4.98,5.04,3.08
0.43,"Ideal","G","IF",62.1,54,1433,4.83,4.87,3.01
0.51,"Premium","E","SI1",60.3,56,1443,5.27,5.17,3.15
0.55,"Ideal","E","VS2",60.3,57,1596,5.28,5.3,3.19
1.15,"Ideal","H","SI2",62,57,4830,6.75,6.66,4.16
1.23,"Ideal","E","SI2",62.1,55,7336,6.91,6.84,4.27
0.32,"Ideal","E","VVS2",61.2,56,816,4.39,4.43,2.7
0.51,"Premium","F","VS2",63,55,1574,5.1,5.06,3.2
0.34,"Premium","D","SI1",62.4,58,803,4.46,4.42,2.77
0.73,"Ideal","G","VVS1",61.3,56,3667,5.79,5.82,3.56
0.9,"Ideal","E","SI2",62.7,54,4091,6.13,6.21,3.87
2.16,"Premium","I","SI1",58.5,60,17934,8.54,8.49,4.98
0.8,"Very Good","H","SI1",62.3,59,2670,5.95,6,3.72
1.01,"Very Good","G","VS2",63.2,57,5701,6.35,6.3,4
0.41,"Ideal","D","SI2",62.7,55,876,4.75,4.72,2.97
0.32,"Ideal","D","SI1",62.6,55,589,4.36,4.39,2.74
0.31,"Ideal","D","VS2",61.6,55,804,4.4,4.37,2.7
0.7,"Very Good","H","SI1",62,60,2048,5.65,5.7,3.52
0.76,"Ideal","F","VVS2",60.9,57,3716,5.89,5.96,3.61
1.21,"Very Good","F","VS2",60.1,55,8711,6.91,7.01,4.18
0.56,"Ideal","G","VVS2",62.5,56,1889,5.24,5.28,3.29
0.56,"Premium","D","SI1",61.4,58,1723,5.29,5.33,3.26
0.73,"Very Good","E","VS1",60.9,61,3370,5.79,5.81,3.53
0.5,"Ideal","F","VVS2",59.9,58,2016,5.14,5.17,3.09
0.75,"Fair","J","VS1",61.9,67,1869,5.8,5.7,3.56
0.4,"Premium","E","SI2",61.4,57,855,4.74,4.68,2.89
0.5,"Ideal","D","VS2",62.4,55,1653,5.09,5.1,3.18
1.5,"Good","H","VS1",63.8,61,9878,7.17,7.12,4.56
0.71,"Premium","E","SI2",62.2,57,2386,5.74,5.68,3.55
1,"Premium","F","SI1",62.1,60,4234,6.29,6.23,3.88
0.33,"Very Good","G","VS1",61.6,57,621,4.42,4.51,2.75
0.8,"Very Good","F","SI2",61,60,2460,5.95,5.98,3.64
0.41,"Ideal","E","VS1",61.9,55,1079,4.76,4.8,2.96
0.51,"Ideal","E","SI1",61.2,57,1284,5.14,5.16,3.15
1.15,"Premium","G","SI1",62,58,4776,6.68,6.77,4.17
0.31,"Ideal","G","VVS2",62.7,57,907,4.34,4.31,2.71
2.04,"Good","J","VS2",59.6,56,13550,8.26,8.31,4.94
1,"Ideal","F","SI2",62.4,57,5798,6.37,6.42,3.99
0.92,"Ideal","G","SI1",62.6,56,4173,6.21,6.19,3.88
0.33,"Ideal","F","VS1",61.2,56,928,4.49,4.46,2.74
0.5,"Ideal","D","VS2",62.4,55,1635,5.1,5.13,3.19
0.52,"Ideal","D","VS1",60.4,56,2146,5.24,5.26,3.17
1.01,"Premium","G","VS2",58.1,59,5538,6.61,6.53,3.82
1.09,"Ideal","G","SI1",62.4,56,5496,6.57,6.61,4.11
1.02,"Ideal","F","SI1",60.3,60,5195,6.55,6.51,3.94
2.54,"Ideal","G","SI2",62.7,56,17339,8.75,8.67,5.46
0.33,"Premium","D","SI1",60.1,59,608,4.46,4.49,2.69
1.16,"Ideal","D","SI2",62.1,54,5898,6.79,6.74,4.2
0.41,"Premium","G","VS2",62.4,58,827,4.72,4.76,2.96
0.23,"Very Good","E","VVS2",61.8,58,530,3.92,3.94,2.43
0.3,"Premium","E","VS1",61.3,59,911,4.33,4.28,2.64
0.71,"Fair","D","VS1",65.4,59,2747,5.62,5.58,3.66
0.38,"Ideal","H","VS1",60.6,57,871,4.7,4.73,2.85
0.31,"Premium","E","VS2",61.3,60,680,4.32,4.39,2.67
0.36,"Ideal","D","VS2",61.3,55,928,4.58,4.62,2.82
2.03,"Very Good","E","SI2",58.8,59,18115,8.23,8.28,4.85
1.01,"Good","D","SI2",63.9,57,4672,6.36,6.29,4.04
0.31,"Premium","F","VS2",61.4,55,802,4.34,4.32,2.66
1.14,"Premium","F","SI1",59.6,58,5925,6.78,6.8,4.05
1.2,"Ideal","G","VVS1",62.2,57,9009,6.77,6.81,4.22
0.5,"Ideal","E","VVS2",62.2,54,2889,5.09,5.11,3.17
0.31,"Ideal","F","SI1",62.3,55,490,4.34,4.39,2.72
0.94,"Premium","G","SI2",63,59,3099,6.16,6.1,3.86
1.5,"Very Good","I","VS2",59.4,61,9342,7.41,7.45,4.41
0.57,"Ideal","F","VVS1",61.3,56,3343,5.4,5.37,3.3
0.92,"Very Good","E","VS1",61.3,57,5210,6.22,6.27,3.83
2,"Fair","E","SI1",65.7,60,15330,7.7,7.8,5.09
0.32,"Ideal","H","IF",61.8,55,814,4.42,4.45,2.74
0.34,"Ideal","H","VS2",60.4,57,555,4.54,4.57,2.75
1.01,"Very Good","G","VVS2",63.4,55,6968,6.41,6.34,4.04
0.64,"Ideal","E","VVS2",62.1,53,3157,5.51,5.54,3.43
1.02,"Ideal","F","VS2",62.7,54,6597,6.5,6.42,4.05
1.59,"Very Good","I","SI1",62.4,56,9925,7.46,7.48,4.66
0.58,"Very Good","F","SI1",62.6,57,1373,5.24,5.36,3.32
0.31,"Ideal","F","VVS1",61.4,55,1074,4.37,4.39,2.69
0.31,"Very Good","H","SI1",61.7,59,435,4.36,4.39,2.7
0.38,"Ideal","F","VS2",62.3,54,870,4.65,4.69,2.91
1.25,"Ideal","G","IF",60.2,54,11511,6.99,7.03,4.22
0.41,"Very Good","F","SI1",62.4,60,801,4.73,4.75,2.96
0.45,"Very Good","F","SI2",61.5,61,729,4.9,4.95,3.03
1.04,"Good","E","SI1",63.8,58,5766,6.46,6.39,4.1
0.57,"Very Good","J","SI1",60.6,61,1037,5.36,5.4,3.26
0.32,"Ideal","F","IF",62.2,55,1010,4.38,4.4,2.73
0.92,"Ideal","E","SI1",61.4,55,4183,6.29,6.25,3.85
0.56,"Ideal","D","VS1",61.1,56,2741,5.3,5.33,3.25
0.41,"Premium","G","VS2",62.4,58,1061,4.76,4.72,2.96
1.03,"Ideal","I","VS2",61.2,56,5378,6.5,6.51,3.98
1.7,"Premium","I","VS2",62.4,58,10910,7.61,7.56,4.73
0.32,"Ideal","F","VS1",61,54,716,4.42,4.44,2.7
0.53,"Very Good","J","VS2",62.7,56,996,5.15,5.18,3.24
1.21,"Premium","E","SI1",63,57,6261,6.75,6.7,4.24
0.31,"Good","E","SI1",63.6,57,544,4.28,4.3,2.73
0.3,"Very Good","D","VS1",63,56,645,4.27,4.33,2.71
0.23,"Very Good","D","VS1",61.9,58,402,3.92,3.96,2.44
0.91,"Premium","E","SI1",62.1,58,4256,6.18,6.15,3.83
1.2,"Ideal","J","SI2",59.1,62,4509,6.97,6.94,4.11
1.01,"Good","E","SI2",58.5,61,4506,6.51,6.55,3.82
1.53,"Premium","I","VS1",62.4,59,10924,7.34,7.3,4.57
1.03,"Ideal","J","SI1",62.3,56,3893,6.51,6.45,4.04
0.52,"Premium","E","VS2",62.5,60,1694,5.14,5.1,3.2
0.38,"Premium","E","VS1",60.7,59,1000,4.69,4.73,2.86
0.55,"Ideal","E","VS2",62.5,56,2030,5.26,5.23,3.28
1.02,"Very Good","E","VS2",60.6,61,6366,6.44,6.47,3.91
0.42,"Ideal","I","VVS1",60.2,57,884,4.85,4.88,2.93
1.13,"Very Good","I","SI1",61.5,60,4766,6.68,6.72,4.12
1.61,"Ideal","F","SI1",62.6,58,12085,7.44,7.48,4.67
0.32,"Premium","E","VS2",60.5,59,702,4.39,4.43,2.67
0.7,"Very Good","E","SI2",61.5,56,2298,5.71,5.73,3.52
0.92,"Good","F","SI2",64.2,58,3282,6.14,6.11,3.93
0.39,"Fair","E","SI1",65.6,60,601,4.5,4.56,2.97
1.57,"Premium","H","VS2",62.2,58,11415,7.45,7.4,4.62
1.5,"Fair","G","SI1",56.1,62,7300,7.6,7.52,4.24
1.01,"Premium","H","SI2",61.5,60,4242,6.4,6.34,3.92
2.01,"Premium","H","VS2",62.8,58,13342,7.99,7.9,4.99
0.24,"Very Good","E","VVS2",62.8,58,478,3.92,3.95,2.47
0.51,"Premium","E","VS1",62.3,56,1837,5.14,5.13,3.2
0.72,"Premium","D","SI1",62.6,54,3048,5.78,5.72,3.6
1.05,"Ideal","H","SI1",60.8,56,5704,6.62,6.58,4.01
0.52,"Ideal","G","VVS2",62.7,55,1906,5.12,5.15,3.22
1.61,"Ideal","I","SI1",62.7,55,9611,7.54,7.48,4.71
1.11,"Very Good","E","SI2",60,61,4170,6.66,6.71,4.01
0.34,"Very Good","G","VVS2",62.3,59,740,4.45,4.48,2.78
1.78,"Very Good","F","SI1",60.6,57,13659,7.89,7.94,4.8
0.66,"Very Good","H","VVS1",61.9,59,2323,5.59,5.65,3.48
1.2,"Ideal","G","VVS2",62.2,56,9373,6.76,6.81,4.22
2,"Good","J","VS2",61.4,63,13542,8.01,8.08,4.94
0.3,"Premium","E","VS2",62,60,844,4.26,4.23,2.63
0.53,"Ideal","G","VS1",62.6,54,1813,5.19,5.16,3.24
2.04,"Premium","I","SI2",60.2,59,15543,8.28,8.22,4.97
0.32,"Ideal","I","VVS1",62.4,55,756,4.38,4.34,2.72
1.25,"Ideal","F","VS1",62,55,9586,6.91,6.95,4.3
0.32,"Very Good","H","VS1",63,55,561,4.4,4.42,2.78
0.32,"Ideal","E","VS2",61.9,56,702,4.36,4.4,2.71
0.71,"Good","I","VS1",61.5,64,2327,5.76,5.65,3.51
0.31,"Premium","G","VVS1",59.9,62,1046,4.37,4.35,2.61
0.3,"Ideal","H","VVS1",62.2,56,665,4.28,4.3,2.67
0.51,"Ideal","E","SI1",61.7,55,1443,5.17,5.13,3.18
0.84,"Ideal","J","SI1",61.8,56,2493,6.04,6.07,3.74
1.01,"Premium","E","VS2",60.8,60,6606,6.46,6.43,3.92
0.41,"Very Good","E","SI2",63.2,58,818,4.72,4.68,2.97
1.7,"Ideal","I","VS2",61.7,56,11257,7.64,7.72,4.74
0.33,"Ideal","F","IF",61.5,55,1114,4.47,4.44,2.74
1.19,"Ideal","H","SI2",61.7,56,4798,6.83,6.78,4.2
0.32,"Premium","G","VVS2",62.6,58,936,4.37,4.35,2.73
0.3,"Ideal","G","VS1",60.6,57,624,4.38,4.4,2.66
0.53,"Very Good","E","SI1",63,55,1408,5.14,5.18,3.25
0.6,"Premium","E","SI1",61.9,58,1738,5.39,5.43,3.35
2.03,"Ideal","I","SI2",60,57,13182,8.32,8.2,4.96
0.55,"Ideal","G","VS1",61.6,55,1786,5.29,5.32,3.27
0.74,"Very Good","F","VVS2",61.5,55.1,3948,5.82,5.85,3.59
1.02,"Good","D","SI1",56.9,62,4948,6.64,6.69,3.79
0.63,"Ideal","E","VS1",61.9,55,2565,5.46,5.5,3.4
0.5,"Good","F","SI1",64.3,57,975,5.03,4.94,3.21
0.9,"Very Good","F","SI2",61.6,56,3601,6.22,6.29,3.85
0.31,"Ideal","D","SI1",61.8,56,571,4.34,4.37,2.69
0.72,"Ideal","F","VS1",62,56,2879,5.76,5.73,3.56
1,"Fair","F","SI1",56.5,60,4679,6.62,6.66,3.75
1,"Ideal","F","VVS2",61.5,55,7849,6.46,6.41,3.96
1.51,"Ideal","J","VS1",61.3,61,8298,7.34,7.4,4.52
2.02,"Premium","H","VS2",62.7,53,18207,8.02,7.95,0
0.3,"Ideal","E","VS2",61.4,56,621,4.33,4.36,2.67
1.5,"Very Good","E","SI1",61.9,59,11717,7.26,7.32,4.51
0.25,"Very Good","G","VVS1",63.7,54,451,3.98,4.03,2.55
0.91,"Very Good","I","VS2",63,58,3340,6.07,6.15,3.85
0.41,"Very Good","D","SI1",63,57,717,4.64,4.7,2.94
0.31,"Very Good","F","VS2",63.4,56,802,4.32,4.29,2.73
0.31,"Ideal","D","VS1",61.8,55,877,4.36,4.34,2.69
1.5,"Premium","G","VS1",61.2,59,14105,7.32,7.36,4.49
0.5,"Ideal","E","VVS2",61.5,57,2236,5.09,5.12,3.14
1.56,"Very Good","I","VS1",62.7,58,9857,7.42,7.37,4.64
0.34,"Ideal","E","SI1",62.1,55,765,4.51,4.47,2.79
0.23,"Ideal","G","VVS1",61.9,58,536,3.93,3.96,2.44
0.55,"Ideal","F","VS2",61.7,56,1709,5.25,5.31,3.26
1.63,"Premium","I","SI1",62,54,9256,7.67,7.6,4.73
0.3,"Premium","F","VS2",61.5,60,776,4.29,4.26,2.63
2.02,"Good","F","SI2",57.1,60,12615,8.31,8.25,4.73
1,"Fair","D","SI1",65.9,54,4704,6.24,6.2,4.1
0.41,"Ideal","F","VVS1",61.8,57,1356,4.79,4.75,2.95
0.59,"Very Good","D","SI1",62.8,57,1743,5.32,5.38,3.36
0.31,"Good","D","SI2",63.9,57,462,4.28,4.33,2.75
1.62,"Premium","F","VS2",61.1,60,14961,7.57,7.56,4.62
0.61,"Very Good","G","VS2",62,57,1861,5.44,5.47,3.38
1.02,"Very Good","F","SI1",63.1,55,5058,6.45,6.38,4.05
0.41,"Ideal","D","VVS2",62.3,55,1356,4.77,4.76,2.97
1.02,"Good","H","SI2",63.7,58,3884,6.28,6.24,3.99
0.73,"Very Good","J","VS2",62.7,57,2101,5.71,5.74,3.59
1.01,"Very Good","F","SI1",61,57,5174,6.44,6.54,3.96
0.51,"Good","E","VVS2",62,60.5,1980,5.05,5.08,3.15
0.76,"Very Good","F","VVS2",62.9,58,3640,5.76,5.85,3.65
0.41,"Very Good","E","SI2",62.8,58,638,4.69,4.73,2.96
0.53,"Premium","F","I1",61.3,58,886,5.22,5.18,3.19
2.02,"Premium","F","SI2",61.3,59,18274,8.15,8.11,4.98
1.53,"Premium","G","VS1",61,60,14344,7.43,7.4,4.52
0.35,"Very Good","E","VS1",62.3,60,829,4.5,4.52,2.81
0.51,"Ideal","G","VVS2",61.6,56,1842,5.14,5.12,3.16
0.57,"Premium","E","SI1",62.2,55,1590,5.36,5.31,3.32
0.7,"Very Good","D","SI1",63.5,58,2686,5.61,5.64,3.57
0.3,"Ideal","E","VS2",61.5,55,844,4.4,4.32,2.68
0.53,"Ideal","F","VS1",62,55,1812,5.15,5.2,3.21
0.42,"Ideal","F","VS1",61.3,57,1103,4.85,4.8,2.96
0.5,"Premium","D","SI1",62.3,58,1610,5.08,5.07,3.16
0.41,"Premium","G","VS1",61.9,60,961,4.76,4.7,2.93
0.3,"Premium","H","VVS1",62.3,58,684,4.29,4.32,2.68
0.3,"Ideal","H","SI1",62.9,57,554,4.27,4.22,2.67
0.57,"Premium","G","VS2",62.6,55,1728,5.31,5.26,3.31
0.42,"Very Good","F","SI1",63.1,56,717,4.77,4.8,3.02
0.51,"Ideal","E","VS2",61.4,57,1656,5.13,5.16,3.16
0.5,"Ideal","E","VS2",62.2,55,1624,5.07,5.09,3.16
1.02,"Ideal","F","I1",61,56,3599,6.53,6.51,3.98
0.54,"Ideal","G","SI1",62.5,56,1314,5.2,5.24,3.26
1.05,"Premium","E","SI1",61.2,58,5433,6.57,6.53,4.01
0.9,"Good","E","VS2",64,58,4203,6.07,6.02,3.87
0.51,"Ideal","D","VS2",61.6,56,1787,5.15,5.17,3.18
1.35,"Ideal","D","VS2",61.3,57,10602,7.09,7.13,4.36
0.3,"Fair","F","SI1",64.6,56,599,4.27,4.25,2.75
0.31,"Premium","J","SI1",60.9,60,363,4.36,4.38,2.66
1.02,"Very Good","G","VVS2",63.1,59,7942,6.45,6.38,4.05
1.2,"Good","I","VS1",64.8,58,5600,6.6,6.65,4.29
0.7,"Good","E","SI1",63.3,60,2569,5.56,5.59,3.53
1.21,"Ideal","G","VVS1",61.4,58,10483,6.85,6.89,4.22
1.02,"Very Good","F","VS1",61.3,58,7740,6.46,6.52,3.98
0.41,"Ideal","G","SI1",61.6,57,1110,4.77,4.81,2.95
0.56,"Ideal","D","VS2",61.2,56,2066,5.35,5.3,3.26
0.52,"Ideal","E","SI1",63,54,1429,5.15,5.11,3.23
0.39,"Premium","E","VVS2",61.1,59,1129,4.68,4.74,2.88
0.5,"Ideal","D","SI1",62.9,57,1654,5.08,5.06,3.19
0.71,"Premium","F","VS1",61.1,58,2942,5.76,5.72,3.51
0.96,"Fair","E","SI2",65.6,58,3533,6.11,6.15,4.02
0.41,"Ideal","F","VVS1",61.8,57,1295,4.75,4.79,2.95
1.57,"Ideal","G","VS2",62.7,55,12506,7.42,7.49,4.68
0.5,"Ideal","G","VVS2",62.2,56,1842,5.08,5.11,3.17
1.09,"Premium","H","SI1",61.8,58,4871,6.63,6.58,4.08
0.7,"Ideal","E","VS2",62.1,55,2952,5.71,5.75,3.56
0.39,"Very Good","J","VS1",63.1,56,790,4.7,4.62,2.94
0.93,"Premium","E","SI2",62.9,57,3984,6.25,6.19,3.91
1.53,"Premium","I","SI1",62.6,57,9022,7.38,7.29,4.59
1.53,"Very Good","H","SI1",61.1,57,10468,7.44,7.45,4.55
0.79,"Premium","E","VS2",60.6,53,2876,6.04,5.98,3.64
1.01,"Very Good","G","VS1",63.1,57,6936,6.32,6.39,4.01
0.5,"Ideal","F","VS2",62.9,55,1736,5.12,5.08,3.21
0.38,"Premium","G","VS2",59.2,60,983,4.73,4.7,2.79
0.31,"Ideal","J","VS2",62.3,54,396,4.35,4.38,2.72
1.71,"Ideal","G","VS1",63,56,17009,7.65,7.58,4.8
0.33,"Very Good","F","IF",58.7,55,897,4.56,4.6,2.69
0.7,"Good","H","SI1",64.2,60,2048,5.52,5.6,3.57
0.64,"Ideal","H","SI2",60.8,56,1125,5.57,5.61,3.4
0.36,"Ideal","I","VS2",61.8,55,648,4.61,4.58,2.84
1.51,"Ideal","G","VS2",62,56,13234,7.32,7.35,4.55
0.32,"Premium","H","VVS1",62.7,57,936,4.41,4.36,2.75
0.7,"Good","E","SI2",60.7,61,2405,5.69,5.71,3.46
1.35,"Very Good","I","VS2",62.1,62,6961,6.97,7.05,4.35
1.62,"Ideal","F","VS2",61.2,57,18281,7.52,7.58,4.62
0.41,"Ideal","E","VS1",61.8,57,1153,4.79,4.76,2.95
1,"Premium","G","SI1",60.1,61,3634,6.44,6.4,3.86
0.35,"Very Good","H","VS1",60,57,603,4.57,4.6,2.75
0.32,"Ideal","I","SI1",60.5,58,450,4.43,4.49,2.7
0.56,"Ideal","E","SI1",62.8,58,1784,5.31,5.26,3.32
0.3,"Ideal","G","SI1",60.9,57,422,4.34,4.39,2.66
0.75,"Premium","G","VVS2",62.5,56,3486,5.84,5.78,3.63
0.41,"Ideal","H","VVS1",62.7,54,1043,4.78,4.79,3
0.31,"Very Good","E","VVS1",62.3,59,878,4.32,4.38,2.71
0.31,"Ideal","D","VS1",61.8,55,683,4.34,4.36,2.69
1.58,"Ideal","I","SI1",61.7,56,9335,7.55,7.48,4.64
1.57,"Ideal","J","SI1",62,55.6,8035,7.43,7.47,4.62
1.53,"Very Good","F","SI1",58.5,59,11713,7.55,7.62,4.44
1.22,"Ideal","H","SI2",61,57,5502,6.88,6.93,4.2
0.31,"Ideal","J","VVS1",62.4,54,461,4.32,4.35,2.7
1.52,"Very Good","G","VS2",63.3,57,11338,7.32,7.27,4.62
0.57,"Very Good","E","VS2",63,59,1654,5.25,5.29,3.32
1.52,"Ideal","I","IF",62.2,57,10609,7.33,7.27,4.54
0.41,"Premium","G","VS2",61.4,59,1061,4.79,4.75,2.93
0.62,"Ideal","G","VS2",61.6,55,2321,5.51,5.53,3.4
1.19,"Good","J","SI1",59.8,64,4498,6.94,6.9,4.14
0.7,"Good","E","SI2",59.9,57,2026,5.75,5.8,3.46
0.41,"Very Good","E","VS1",63.2,59,954,4.71,4.75,2.99
0.3,"Very Good","E","VVS2",61.1,62,622,4.28,4.33,2.63
1.24,"Ideal","I","SI1",62.1,56,5797,6.84,6.88,4.26
0.8,"Good","F","VS1",59,60.9,3477,6.03,6.04,3.56
0.7,"Ideal","H","SI1",61.4,56,2815,5.7,5.76,3.52
0.37,"Very Good","G","VVS2",59.9,55,774,4.71,4.75,2.83
1.51,"Ideal","H","VS1",62.6,56,11580,7.28,7.32,4.57
0.33,"Premium","D","SI2",60.7,56,631,4.46,4.43,2.7
0.34,"Ideal","G","SI1",61.8,54,540,4.48,4.51,2.78
1.26,"Premium","H","SI1",62.1,57,6435,6.94,6.88,4.29
0.61,"Premium","I","VS2",58.8,58,1308,5.59,5.53,3.27
1,"Very Good","G","VS2",62.4,58,6449,6.31,6.38,3.96
1.52,"Premium","I","SI1",61.9,58,8631,7.42,7.37,4.58
0.75,"Ideal","G","VVS2",62.2,56,3879,5.78,5.82,3.61
0.31,"Very Good","D","SI1",63.5,56,732,4.31,4.29,2.73
0.51,"Ideal","G","VVS2",61.3,56,1902,5.16,5.19,3.17
1.06,"Ideal","H","VS2",60.5,57,5669,6.63,6.6,4
0.31,"Ideal","G","VS2",61.5,56,652,4.34,4.36,2.68
0.31,"Premium","D","VVS1",62.7,58,882,4.3,4.31,2.7
0.38,"Premium","G","IF",62.5,60,1227,4.64,4.61,2.89
0.63,"Very Good","G","VS1",61.5,56,1960,5.53,5.49,3.39
1,"Premium","H","VS1",62.4,58,4950,6.43,6.4,4
0.32,"Premium","E","SI2",61.7,60,449,4.38,4.41,2.71
0.51,"Premium","E","VS2",60.6,60,1614,5.2,5.19,3.15
0.3,"Very Good","H","VVS2",63.1,60,776,4.28,4.24,2.69
0.4,"Very Good","F","SI1",59.6,61,927,4.79,4.84,2.87
0.32,"Very Good","F","VS2",61.5,59.7,624,4.32,4.39,2.68
1,"Premium","J","I1",58.3,58,1681,6.61,6.51,3.82
0.31,"Ideal","I","SI1",62.1,53,498,4.34,4.36,2.7
0.72,"Premium","D","VS2",61,59,2721,5.77,5.74,3.51
1.51,"Very Good","E","VS2",62.4,59,14709,7.26,7.36,4.56
1.52,"Premium","H","VS2",60.6,61,9704,7.46,7.42,4.51
0.33,"Premium","E","VS2",60.6,60,928,4.48,4.43,2.7
1.1,"Premium","G","VS2",62.8,58,6387,6.6,6.58,4.14
0.91,"Ideal","F","SI2",62,57,4642,6.15,6.23,3.84
0.35,"Fair","D","VVS2",53.2,62,1011,4.87,4.8,2.57
0.33,"Ideal","F","VVS1",61.9,55,880,4.44,4.48,2.76
0.82,"Ideal","F","SI1",61.3,55,3439,6.06,6.08,3.72
1.21,"Very Good","E","SI1",62.9,58,6324,6.78,6.79,4.27
0.31,"Good","F","SI1",63.1,55,516,4.28,4.34,2.72
0.31,"Ideal","E","IF",61,57,1319,4.36,4.39,2.67
0.41,"Good","E","SI1",63.6,56,705,4.7,4.73,3
0.71,"Very Good","H","VS1",63.9,60,2562,5.54,5.6,3.56
1.54,"Ideal","G","VVS2",62,54,15415,7.36,7.43,4.59
2.01,"Premium","F","SI2",61.3,61,16881,8.11,8.01,4.94
0.26,"Ideal","H","VVS1",61.2,56,468,4.11,4.16,2.53
1.2,"Premium","G","SI1",62.3,59,6586,6.84,6.75,4.23
0.34,"Ideal","E","VVS2",60.8,58,838,4.51,4.53,2.75
0.3,"Very Good","E","VS2",62.9,58,544,4.27,4.31,2.7
0.34,"Ideal","G","VS2",62.7,55,596,4.48,4.49,2.81
1.01,"Premium","H","VS1",62.7,58,5199,6.37,6.39,4
0.31,"Fair","F","VVS1",63.1,61,740,4.32,4.37,2.74
0.32,"Very Good","G","VVS2",61.5,54,672,4.4,4.42,2.71
1.01,"Premium","D","SI1",61.8,60,5543,6.37,6.35,3.93
1.02,"Good","F","SI1",63.7,61,4678,6.27,6.23,3.98
2,"Premium","I","VS1",61.1,58,17436,8.11,8.08,4.95
0.71,"Very Good","G","SI1",63.3,56,2274,5.66,5.69,3.59
0.25,"Ideal","G","VVS1",62.6,56,582,4.01,4.05,2.52
0.36,"Premium","E","VS1",61.5,59,933,4.6,4.57,2.82
2.02,"Ideal","I","SI1",61.9,58,15942,8.07,8.18,5.03
1,"Very Good","H","SI1",60.9,58,5287,6.43,6.46,3.93
1.16,"Premium","H","SI2",61.8,58,4872,6.81,6.75,4.19
1.03,"Premium","H","VS1",62.5,59,5624,6.47,6.43,4.03
0.36,"Ideal","G","SI2",60.7,58,505,4.62,4.64,2.81
0.3,"Very Good","G","VVS1",62.8,55,635,4.28,4.31,2.7
0.58,"Good","E","SI1",59.3,64,1287,5.48,5.42,3.23
0.31,"Premium","E","VS2",61,59,680,4.35,4.37,2.66
1.62,"Ideal","I","VS1",60.8,56,11152,7.56,7.61,4.62
0.54,"Ideal","F","VVS2",61.2,55,2333,5.27,5.25,3.22
0.32,"Ideal","G","VVS1",62.4,56,842,4.36,4.39,2.73
1.15,"Premium","H","SI2",59.6,59,3735,6.82,6.78,4.05
1.2,"Very Good","H","SI1",62.9,56,6019,6.74,6.8,4.26
0.44,"Very Good","J","VS1",63.2,57,891,4.86,4.82,3.06
2.01,"Premium","I","SI2",62.1,60,9658,8.1,8.03,5.01
1.52,"Premium","D","SI2",61.4,54,10308,7.51,7.43,4.59
0.41,"Very Good","G","SI2",59.6,60,621,4.82,4.85,2.88
0.35,"Fair","G","VS2",65.9,54,1415,5.57,5.53,3.66
0.61,"Ideal","F","SI1",61.4,56,1681,5.46,5.42,3.34
0.4,"Very Good","E","SI2",63.2,57,855,4.68,4.66,2.95
2.22,"Fair","J","I1",66.7,56,5607,8.04,8.02,5.36
0.23,"Very Good","F","VVS2",61.6,57,583,3.96,3.99,2.45
1.54,"Premium","G","VS2",61.6,59,12308,7.46,7.4,4.58
1.12,"Very Good","G","VS1",62.2,59,7687,6.58,6.61,4.1
1,"Premium","E","VVS2",61.6,59,8888,6.42,6.46,3.97
1,"Fair","E","SI1",65.1,61,4435,6.15,6.08,3.98
1.01,"Very Good","F","SI2",60,59,4416,6.48,6.61,3.93
0.38,"Ideal","F","SI1",60.4,57,844,4.7,4.74,2.85
0.33,"Ideal","F","VS2",62.1,55,854,4.47,4.45,2.77
1.1,"Very Good","D","VVS2",61.7,56,11132,6.64,6.65,4.1
0.3,"Good","H","SI1",63.1,56,432,4.27,4.29,2.7
0.32,"Ideal","G","IF",60.5,57,954,4.42,4.44,2.68
0.7,"Good","D","SI1",64.2,60,2298,5.59,5.62,3.6
0.32,"Good","D","SI1",63.1,56,589,4.34,4.38,2.75
0.43,"Ideal","E","VS2",61.6,54,1053,4.9,4.88,3.01
0.33,"Very Good","G","VS2",61.5,59.4,623,4.45,4.49,2.75
1,"Very Good","G","VS1",59.1,61,6435,6.48,6.54,3.85
0.3,"Good","G","VS1",63.1,58,605,4.24,4.28,2.69
0.9,"Good","G","VS1",63.7,56,4460,6.15,6.07,3.89
0.33,"Ideal","E","VVS1",60.7,57,906,4.46,4.5,2.72
0.9,"Good","E","SI2",63.4,62,3139,6,6.02,3.81
1.14,"Very Good","H","SI2",63.3,57,4615,6.6,6.63,4.19
0.3,"Ideal","F","VVS1",61.5,56,1041,4.32,4.36,2.67
0.31,"Ideal","H","VS1",61.7,57,698,4.34,4.32,2.67
0.92,"Ideal","H","IF",62.5,55,5758,6.25,6.3,3.92
0.44,"Premium","F","VVS2",61.6,58,1253,4.89,4.85,3
0.71,"Fair","F","SI2",65.2,55.5,2103,5.52,5.58,3.62
1.5,"Very Good","E","SI2",62.8,57,8538,7.17,7.23,4.52
1.2,"Ideal","E","VVS2",61.5,57,11883,6.79,6.89,4.21
0.23,"Very Good","E","VVS1",63.3,57,485,3.88,3.95,2.48
0.93,"Premium","G","VS1",62.1,59,4793,6.21,6.16,3.84
1.03,"Very Good","D","SI2",61.8,60,4478,6.42,6.45,3.98
0.7,"Premium","I","VS1",62.9,61,2234,5.64,5.62,3.54
1.59,"Ideal","J","SI1",62.4,55,8325,7.48,7.45,4.66
1.21,"Very Good","H","VS1",62.6,58,7445,6.71,6.75,4.21
0.7,"Premium","G","VS2",59.4,59,2657,5.79,5.76,3.43
0.32,"Ideal","G","VS2",61.5,57,720,4.41,4.4,2.71
1.52,"Premium","H","SI1",62,60,7559,7.36,7.28,4.54
0.31,"Very Good","G","SI1",61.9,56,462,4.34,4.38,2.7
0.9,"Very Good","F","SI2",62,61,3770,6.14,6.16,3.81
0.24,"Premium","H","VVS2",60.7,58,554,4.07,4.04,2.46
0.31,"Ideal","H","VS2",61.4,56,507,4.38,4.42,2.7
0.4,"Ideal","F","VVS2",62.8,57,1163,4.73,4.66,2.95
0.36,"Premium","E","VVS1",62.4,56,1035,4.57,4.53,2.84
0.7,"Very Good","E","SI1",62.3,58,2476,5.6,5.67,3.51
0.29,"Good","F","VS1",62.1,56,415,4.24,4.26,2.64
0.7,"Premium","J","VS2",61.2,60,1940,5.73,5.7,3.5
1,"Premium","D","SI1",62.3,60,4469,6.23,6.19,3.87
0.4,"Premium","D","VS1",62.1,58,1123,4.7,4.73,2.93
0.33,"Ideal","H","VS1",62,55,579,4.44,4.46,2.76
0.35,"Ideal","F","VS2",60.8,57,706,4.52,4.56,2.76
0.31,"Ideal","D","IF",61.1,56,1251,4.39,4.42,2.69
1.26,"Very Good","G","SI1",63.3,58,7910,6.88,6.84,4.34
0.41,"Ideal","D","VS2",61.7,55,1177,4.8,4.76,2.95
0.71,"Ideal","F","SI1",59.8,53,2838,5.86,5.82,3.49
0.32,"Ideal","E","VS2",62.1,56,702,4.4,4.43,2.74
0.5,"Very Good","D","VS1",62,56,1750,5.09,5.11,3.16
0.35,"Ideal","D","VS2",62.3,55,829,4.52,4.54,2.82
0.36,"Ideal","G","SI1",61.4,55,571,4.61,4.64,2.84
0.24,"Very Good","F","VS1",62.9,59,393,3.95,3.97,2.49
1.56,"Ideal","J","SI2",62.1,55,5766,7.45,7.41,4.62
1.01,"Premium","F","SI2",58.8,61,4468,6.53,6.46,3.82
1.03,"Premium","E","VS1",61.5,58,7614,6.55,6.43,3.99
0.85,"Premium","F","VVS2",61.2,60,4451,6.13,6.1,3.74
0.32,"Ideal","I","VVS1",61.4,56,575,4.42,4.44,2.72
0.51,"Good","H","SI1",63.7,56,1119,5.07,5.1,3.24
0.42,"Premium","E","SI1",61.5,58,722,4.78,4.84,2.96
0.71,"Ideal","F","VS1",62.1,57,3066,5.73,5.76,3.57
0.56,"Ideal","H","VS1",61.8,55,1616,5.3,5.34,3.29
0.53,"Very Good","E","VS1",58.5,61,1852,5.28,5.39,3.12
0.38,"Ideal","G","VVS2",60,56,879,4.72,4.76,2.84
1.01,"Premium","G","VS2",58.5,61,6108,6.57,6.52,3.83
0.36,"Premium","E","SI2",61.5,58,648,4.61,4.56,2.82
0.35,"Ideal","H","VVS2",59.2,56,906,4.65,4.6,2.74
0.53,"Very Good","D","SI1",61.4,57,1631,5.2,5.26,3.21
0.3,"Premium","I","VS1",61.7,59,608,4.3,4.26,2.64
0.91,"Good","E","I1",57.7,63,2342,6.35,6.3,3.65
0.33,"Ideal","G","VVS1",61.8,55,1114,4.45,4.42,2.74
0.58,"Ideal","H","VS2",62.4,58,1600,5.3,5.34,3.32
0.9,"Premium","J","SI1",60.9,61,2873,6.26,6.22,3.8
1.05,"Ideal","F","VS1",62.3,55,8100,6.53,6.5,4.06
1.18,"Premium","G","VVS2",59.7,58,9366,6.9,6.94,4.13
0.52,"Ideal","G","VS1",61.6,56,1722,5.18,5.22,3.2
1.1,"Very Good","E","SI2",60,58,4539,6.72,6.75,4.04
0.49,"Premium","E","VS2",58.8,59,1351,5.2,5.14,3.04
0.53,"Very Good","G","SI1",63.4,54,1161,5.09,5.13,3.24
0.52,"Ideal","G","VVS1",61.9,54.4,1936,5.15,5.18,3.2
0.41,"Very Good","H","SI1",62.9,58,683,4.72,4.73,2.97
0.42,"Premium","F","VVS2",60.3,59,1142,4.83,4.86,2.92
0.72,"Ideal","F","VS2",60.3,56,2724,5.84,5.81,3.51
0.92,"Ideal","F","SI2",61.5,56,3763,6.27,6.32,3.87
0.7,"Premium","G","SI1",62.6,60,2415,5.61,5.57,3.5
0.39,"Ideal","G","VS1",62,55,1077,4.71,4.66,2.9
0.73,"Ideal","H","VVS2",61.6,56,2846,5.79,5.84,3.58
0.74,"Very Good","F","VS1",61.7,57,3226,5.79,5.85,3.59
0.53,"Good","D","VS1",60.2,56,1775,5.22,5.28,3.16
0.88,"Ideal","D","SI2",62.2,56,3962,6.12,6.16,3.82
0.9,"Premium","G","VS2",62.1,59,4259,6.2,6.14,3.83
0.51,"Very Good","H","VS2",60.8,58,1414,5.12,5.17,3.13
1.01,"Fair","E","SI1",64.7,59,4181,6.23,6.11,3.99
0.7,"Very Good","D","SI1",63.4,58,2734,5.63,5.66,3.58
0.41,"Premium","G","VS1",60.2,59,961,4.84,4.79,2.9
1.2,"Premium","H","SI2",62.8,61,4973,6.7,6.62,4.18
0.4,"Ideal","F","VS2",61,62,867,4.71,4.74,2.88
0.9,"Very Good","E","VS2",63,57,4643,6.07,6.15,3.85
1,"Very Good","F","SI2",61.7,58,3789,6.32,6.36,3.91
1.58,"Ideal","I","SI2",60.9,59,9973,7.48,7.55,4.58
0.73,"Ideal","D","SI1",61.5,56,2858,5.84,5.8,3.58
0.27,"Very Good","H","VVS1",61.2,57,504,4.15,4.18,2.55
1.31,"Very Good","J","VS1",63.7,55,6101,6.94,7.01,4.44
0.73,"Premium","D","SI1",61.7,55,2821,5.84,5.82,3.6
0.53,"Ideal","G","VS1",62.4,54,1659,5.18,5.21,3.24
0.3,"Premium","G","SI2",62.3,59,394,4.25,4.29,2.66
0.74,"Ideal","G","VS2",62.9,54,2723,5.81,5.78,3.64
0.61,"Premium","F","VVS2",59.7,58,2392,5.56,5.53,3.31
0.7,"Fair","G","VS1",68.5,58,2250,5.47,5.34,3.7
0.47,"Premium","G","VS2",61,59,1116,5.03,5,3.06
0.44,"Ideal","G","IF",61.3,55,1378,4.91,4.95,3.02
1.55,"Ideal","I","VS1",61.9,55,10869,7.43,7.46,4.61
0.42,"Ideal","D","SI1",62.4,57,1040,4.84,4.77,3
0.5,"Ideal","D","VVS2",60.7,57,2376,5.2,5.15,3.14
0.91,"Premium","D","SI2",62.2,59,4051,6.23,6.19,3.86
1.61,"Very Good","E","SI2",63,59.9,10891,7.42,7.45,4.68
1.5,"Very Good","H","SI2",62.3,60,7775,7.28,7.22,4.52
0.31,"Ideal","G","VVS2",61.3,56,687,4.37,4.41,2.69
0.44,"Premium","H","VS2",61.3,58,810,4.88,4.91,3
1.01,"Ideal","G","SI1",62.9,57,4004,6.37,6.3,3.98
1.04,"Ideal","E","SI2",62.3,55,5531,6.46,6.49,4.03
0.34,"Very Good","I","SI1",61.7,56,459,4.51,4.54,2.79
1.08,"Ideal","G","VS2",62.5,56,6530,6.57,6.54,4.1
1.51,"Premium","J","SI2",59.7,62,5327,7.46,7.42,4.44
1.01,"Ideal","E","SI2",61.5,55,5437,6.44,6.51,3.98
1.72,"Good","J","SI2",63.2,57,7741,7.56,7.6,4.79
0.92,"Premium","G","VS2",61.6,62,4287,6.3,6.24,3.86
1.07,"Ideal","F","VS2",61.7,57,8640,6.52,6.54,4.03
1.03,"Good","D","SI2",59.3,58,4671,6.57,6.61,3.91
0.35,"Ideal","F","IF",60.9,55,1312,4.58,4.61,2.8
0.95,"Fair","F","SI2",56,60,2815,6.62,6.53,3.68
2.07,"Premium","H","SI1",61.2,60,14476,8.2,8.12,4.99
0.38,"Premium","G","VS1",60.6,58,1069,4.67,4.64,2.82
0.9,"Good","D","SI1",63.2,62,4068,6.06,6.13,3.85
0.52,"Ideal","H","VS2",61.8,56,1573,5.19,5.16,3.2
1.5,"Premium","H","SI1",61.4,58,10080,7.41,7.28,4.51
1.53,"Premium","G","VS2",61.8,59,12717,7.45,7.31,4.56
0.41,"Very Good","H","SI1",62.8,56,683,4.72,4.77,2.98
1.96,"Very Good","H","SI2",62.7,58,13099,7.86,7.93,4.95
0.26,"Very Good","F","VVS1",61.7,57,657,4.09,4.13,2.53
0.33,"Ideal","G","VS1",61.6,57,699,4.46,4.49,2.75
0.79,"Very Good","F","SI1",61.5,58,3047,5.94,5.97,3.66
0.71,"Premium","G","SI2",58.2,60,1902,5.91,5.88,3.43
0.31,"Ideal","D","SI1",62.9,56,732,4.34,4.31,2.72
0.56,"Very Good","D","SI1",63.1,57,1777,5.22,5.19,3.29
1.56,"Ideal","H","SI1",60.4,59,10642,7.5,7.53,4.54
0.52,"Ideal","E","VVS2",62.3,57,2116,5.12,5.15,3.2
0.52,"Ideal","E","VS2",60.9,57,1815,5.23,5.21,3.18
0.92,"Ideal","D","SI1",62.2,56,4561,6.23,6.27,3.89
0.34,"Ideal","F","VVS2",61.8,56,914,4.49,4.47,2.77
0.32,"Ideal","H","VVS2",61.9,53,619,4.42,4.44,2.74
1.01,"Premium","H","SI2",61.1,59,4242,6.54,6.46,3.97
0.31,"Ideal","I","VS1",62.8,55,628,4.35,4.31,2.72
1.1,"Ideal","H","SI1",61.5,56,6844,6.61,6.65,4.08
0.3,"Ideal","D","SI1",62.2,56,552,4.25,4.3,2.66
2.01,"Ideal","G","SI1",61.6,57,12829,8.08,8,4.95
0.54,"Ideal","G","VVS1",61.8,55,2236,5.27,5.24,3.25
1.27,"Ideal","I","SI1",62.4,56,5690,6.95,6.9,4.32
1.06,"Premium","G","VVS2",59.6,58,8003,6.61,6.65,3.95
0.27,"Premium","H","VVS2",60.7,59,623,4.21,4.19,2.55
0.74,"Ideal","G","VVS1",61.9,54,3402,5.8,5.84,3.6
1.13,"Very Good","F","SI2",59.1,59,5014,6.81,6.87,4.04
0.46,"Premium","E","VS2",58.5,61,1173,5.1,5.05,2.97
0.3,"Ideal","G","VVS2",62.7,57,684,4.26,4.29,2.68
1.35,"Premium","I","SI1",59.2,59,6577,7.24,7.18,4.27
0.42,"Ideal","D","SI1",62,55,810,4.83,4.84,3
1.52,"Good","J","SI1",63.6,60,7022,7.25,7.21,4.6
0.96,"Premium","G","SI1",62,57,3355,6.34,6.31,3.92
1.2,"Very Good","H","SI2",61.5,58,5884,6.78,6.84,4.19
0.77,"Ideal","F","SI1",61.5,55,3321,5.88,5.92,3.63
0.94,"Good","D","SI2",57.9,61,3125,6.48,6.43,3.74
0.43,"Premium","F","SI1",62.9,60,1016,4.8,4.77,3.01
0.33,"Ideal","D","VS1",61.1,57,727,4.46,4.48,2.73
1.03,"Fair","G","SI2",65.6,58,3765,6.3,6.26,4.12
0.33,"Good","D","VS2",63.5,56,625,4.36,4.4,2.78
0.31,"Ideal","D","VS2",60.4,56,942,4.42,4.39,2.66
0.71,"Ideal","E","VS1",62.4,54,2923,5.71,5.74,3.57
0.32,"Ideal","F","VS1",62,54,876,4.44,4.43,2.75
1.05,"Very Good","H","SI2",63,59,4158,6.44,6.48,4.07
0.33,"Very Good","F","VVS1",61.1,58,912,4.42,4.46,2.71
1.55,"Ideal","J","VS2",61.4,55,8498,7.41,7.49,4.58
1.01,"Ideal","E","SI2",62,56,4694,6.46,6.42,3.99
0.51,"Ideal","F","VVS1",60.9,57,2208,5.16,5.21,3.16
0.34,"Ideal","H","VS2",61.5,54,689,4.54,4.5,2.78
0.59,"Ideal","I","VVS1",61,55,1742,5.43,5.48,3.33
0.7,"Good","E","VS2",61.5,61,2473,5.64,5.74,3.5
1.21,"Ideal","I","VS1",61.8,56,7037,6.83,6.87,4.23
0.31,"Ideal","H","VVS1",61.8,57,907,4.35,4.32,2.68
0.32,"Premium","G","VS1",62.1,58,828,4.39,4.37,2.72
0.71,"Ideal","I","VS2",61.5,55,2878,5.76,5.78,3.55
1.5,"Premium","H","SI1",62.4,58,9697,7.33,7.28,4.56
0.36,"Good","E","VVS1",58.2,56,923,4.68,4.74,2.74
2.3,"Premium","I","SI2",61.3,58,11051,8.53,8.46,5.21
0.41,"Good","E","SI2",63.5,55,638,4.69,4.73,2.99
0.91,"Premium","J","SI1",62.8,59,2905,6.19,6.14,3.87
0.32,"Ideal","H","VS2",62,55,505,4.39,4.42,2.73
0.3,"Ideal","E","VS1",61.9,56,670,4.28,4.31,2.66
1.02,"Premium","D","SI2",59.5,62,4912,6.56,6.52,3.89
1.01,"Good","F","SI2",65.7,58,4049,6.12,6.2,4.05
0.74,"Good","E","SI1",62.8,61,2906,5.74,5.76,3.61
0.77,"Ideal","H","VS1",61.3,56,3468,5.91,5.97,3.64
0.53,"Ideal","J","VS1",61.4,55.2,1218,5.2,5.22,3.2
0.32,"Ideal","D","VS2",62.7,57,972,4.44,4.4,2.77
2,"Premium","H","SI2",61.4,59,11108,8.07,8,4.93
0.98,"Premium","F","SI2",62.3,56,3485,6.44,6.35,3.98
0.9,"Premium","G","SI1",62.7,59,3774,6.14,6.1,3.84
0.32,"Ideal","D","VVS1",61.8,56,1067,4.39,4.41,2.72
0.53,"Ideal","D","VS2",61,56,1783,5.29,5.26,3.22
0.34,"Ideal","E","SI1",61.7,56,596,4.49,4.52,2.78
1.13,"Ideal","D","VVS2",60.1,57,12261,6.83,6.78,4.09
0.55,"Premium","G","VS1",62,57,1881,5.3,5.25,3.27
0.3,"Very Good","D","VS2",62.8,59,710,4.26,4.28,2.68
0.45,"Ideal","J","VVS1",61.9,56,978,4.93,4.95,3.06
1.06,"Ideal","G","VVS1",61.6,57,8643,6.55,6.53,4.03
1.2,"Premium","H","SI1",61.2,57,6129,6.91,6.78,4.19
0.31,"Ideal","G","VVS1",62.5,55,816,4.33,4.34,2.71
0.41,"Good","G","SI2",63.6,54,784,4.74,4.7,3
0.91,"Ideal","E","SI1",61.9,55,5458,6.21,6.23,3.85
0.6,"Very Good","G","SI1",63.5,59.9,1565,5.28,5.3,3.36
0.25,"Very Good","E","VVS1",60.2,59,575,4.11,4.13,2.48
0.61,"Very Good","I","VVS2",62,54.4,1773,5.47,5.51,3.4
1,"Fair","I","I1",66.9,57,1997,6.15,6.03,4.09
1,"Premium","F","SI1",62.1,59,5152,6.39,6.36,3.96
2.1,"Ideal","I","SI1",61.6,57,12168,8.24,8.15,5.05
0.51,"Premium","D","SI1",61.9,60,1642,5.15,5.12,3.18
1.03,"Premium","E","VS2",60,59,6344,6.54,6.6,3.94
0.75,"Premium","E","VS2",59.9,61,3108,5.97,5.91,3.56
0.31,"Very Good","E","SI1",63.4,55,698,4.33,4.32,2.74
0.7,"Very Good","F","VVS1",63,60,3261,5.59,5.62,3.53
0.25,"Premium","E","VS1",61.5,60,558,4.04,4.02,2.48
0.36,"Premium","G","VS1",59.7,56,932,4.67,4.64,2.78
0.47,"Premium","H","VS1",61.8,58,1143,4.94,4.99,3.07
0.39,"Very Good","I","VS2",59.6,57,712,4.77,4.82,2.86
1.13,"Very Good","H","SI1",60.1,60,4959,6.73,6.77,4.06
2.05,"Very Good","J","VS1",61.4,58.5,16641,8.13,8.16,5
2.12,"Premium","G","I1",60,58,7508,8.39,8.28,4.99
0.7,"Premium","G","VVS2",60.2,61,2999,5.74,5.66,3.43
1.04,"Ideal","F","I1",61.6,57,3718,6.51,6.46,4
0.54,"Ideal","D","VVS1",61.2,57,3494,5.25,5.27,3.22
0.8,"Ideal","D","SI1",62.6,55,3597,5.91,5.94,3.71
2.22,"Good","I","SI2",63.2,57,16398,8.23,8.28,5.22
0.7,"Very Good","E","SI1",61.9,60,2496,5.6,5.67,3.49
1.09,"Ideal","H","VS2",61.3,56,6288,6.57,6.63,4.05
0.91,"Very Good","H","SI1",62.8,58,3734,6.13,6.16,3.86
1.41,"Premium","E","VS2",62.7,56,11644,7.18,7.1,4.48
1.02,"Premium","F","SI2",61,58,4043,6.49,6.52,3.97
0.31,"Ideal","D","SI1",61.9,57,548,4.36,4.39,2.71
1.22,"Very Good","F","VVS2",60.7,62,10719,6.81,6.84,4.14
0.38,"Ideal","E","VVS1",61.9,56,1267,4.64,4.67,2.88
0.3,"Ideal","E","SI1",61.6,54,499,4.32,4.35,2.67
0.31,"Premium","D","VS2",60.7,59,942,4.38,4.35,2.65
2.02,"Ideal","J","SI1",59.8,60,12713,8.21,8.16,4.9
0.5,"Premium","I","VVS1",62.8,61,1556,5.05,4.98,3.15
0.72,"Premium","G","VS2",62.3,57,2550,5.74,5.69,3.56
0.31,"Very Good","G","VVS2",62.9,58,707,4.27,4.31,2.7
0.38,"Ideal","G","VVS1",61.2,54,949,4.69,4.72,2.88
1.51,"Good","G","IF",62.8,60,14654,7.18,7.24,4.53
0.5,"Very Good","D","SI2",63.1,56,1015,5.05,4.96,3.16
1.02,"Premium","H","SI1",61.9,61,4558,6.42,6.34,3.95
0.32,"Premium","H","VVS2",62.3,58,828,4.37,4.33,2.71
0.72,"Premium","H","VS2",61.7,56,2316,5.77,5.73,3.55
1.06,"Premium","I","SI2",60.9,58,4096,6.6,6.56,4.01
0.84,"Good","F","I1",60.8,64,1749,6.05,6.03,3.67
0.58,"Very Good","H","SI1",61.8,56,1219,5.34,5.38,3.31
0.54,"Very Good","F","SI1",63.3,56,1389,5.24,5.21,3.31
1.09,"Premium","G","VS2",62.1,57,5098,6.6,6.55,4.08
0.23,"Very Good","E","VVS1",63.5,54,530,3.92,3.95,2.5
2.43,"Fair","G","SI2",64.5,57,14975,8.41,8.36,5.41
0.3,"Ideal","H","SI1",62.4,53.7,442,4.29,4.31,2.68
0.31,"Very Good","G","VS2",62.9,57,544,4.31,4.34,2.72
0.48,"Very Good","E","SI1",62.7,58.5,1349,4.99,5.01,3.14
0.9,"Very Good","G","VS2",63.5,62,4081,6.07,6.11,3.87
0.36,"Ideal","F","SI1",61.5,57,770,4.59,4.55,2.81
0.29,"Premium","E","SI1",58.4,60,548,4.34,4.32,2.53
2.01,"Good","I","SI2",64.6,57,12681,7.82,7.88,5.07
0.4,"Premium","G","SI1",59.6,61,840,4.76,4.74,2.83
0.32,"Premium","G","SI1",62.6,58,612,4.37,4.35,2.73
0.52,"Premium","E","VS2",60.6,58,1622,5.23,5.2,3.16
0.4,"Ideal","J","IF",62.6,56,1063,4.75,4.71,2.96
1.54,"Premium","G","SI2",61.6,58,7287,7.45,7.3,4.57
1.13,"Ideal","I","VS2",62.3,56,5031,6.73,6.63,4.16
0.3,"Premium","I","VVS1",62.2,58,709,4.31,4.28,2.67
0.7,"Premium","D","SI2",62.1,60,2319,5.73,5.71,3.55
0.31,"Ideal","F","VS1",62.1,56,680,4.32,4.35,2.69
0.31,"Ideal","F","IF",62.1,56,979,4.33,4.36,2.7
0.34,"Ideal","G","VS2",61.7,56,596,4.48,4.53,2.78
0.81,"Premium","J","VS2",60.6,60,2129,6.04,6,3.65
0.34,"Ideal","F","VS1",60.9,57,723,4.53,4.56,2.77
0.31,"Premium","E","VVS1",61.8,59,1012,4.33,4.31,2.67
0.9,"Good","E","SI2",59.9,61,3660,6.16,6.2,3.7
0.55,"Ideal","D","VS2",62.8,57,1894,5.27,5.24,3.3
0.42,"Ideal","E","SI2",62.7,55.2,687,4.78,4.79,3
0.81,"Very Good","G","VS2",63.1,58,2994,5.88,5.84,3.7
0.51,"Premium","G","VVS1",60.2,58,1925,5.2,5.24,3.14
0.4,"Good","J","VS1",64,56,734,4.69,4.66,2.99
0.77,"Very Good","I","VS1",62.6,55,2501,5.85,5.9,3.68
0.4,"Fair","E","VVS2",57.3,60,1069,4.84,4.89,2.79
0.53,"Ideal","I","SI2",61.8,54,947,5.22,5.24,3.23
1.21,"Premium","G","VVS1",60.1,61,9003,6.92,6.85,4.14
1.02,"Premium","H","I1",62.5,60,3141,6.39,6.41,4
2.14,"Premium","I","VS2",59.3,59,15559,8.43,8.39,5
1.31,"Very Good","F","VS1",59.1,60,9797,7.13,7.18,4.23
0.41,"Premium","D","SI2",62.3,58,876,4.77,4.74,2.96
0.57,"Good","D","VS2",58.3,61,2015,5.42,5.45,3.17
1.3,"Premium","D","SI2",61.5,58,7044,6.98,6.91,4.27
0.41,"Premium","H","SI1",60,61,876,4.83,4.77,2.88
0.31,"Good","G","VS1",63.2,57,625,4.28,4.33,2.72
0.54,"Very Good","F","VS2",60.9,55,1639,5.25,5.31,3.21
0.43,"Good","G","SI2",58.8,61,661,4.92,4.94,2.9
0.58,"Ideal","D","SI2",61.7,54,1356,5.4,5.43,3.34
1.03,"Premium","E","VS2",62.5,59,6072,6.42,6.44,4.02
0.31,"Ideal","F","VVS1",61.8,56,897,4.34,4.36,2.69
0.35,"Premium","G","VS1",62.6,56,845,4.52,4.49,2.82
0.31,"Ideal","G","IF",61.9,54,891,4.35,4.38,2.7
0.71,"Ideal","I","SI1",62.6,54,2111,5.68,5.73,3.57
1.09,"Premium","I","VS2",61.3,58,4659,6.63,6.58,4.05
1.08,"Premium","H","VS1",62.5,60,5111,6.55,6.51,4.08
0.32,"Very Good","G","VS2",59.9,57,561,4.47,4.51,2.69
0.98,"Fair","G","SI2",66.6,56,3332,6.12,6.02,4.04
0.41,"Ideal","F","IF",62.3,55,1439,4.78,4.82,2.99
0.33,"Ideal","D","VVS2",60.9,57,955,4.46,4.48,2.72
1.01,"Ideal","E","VVS1",62,57,10954,6.39,6.45,3.98
0.46,"Good","I","VVS1",63.5,57,1089,4.85,4.91,3.1
1.02,"Ideal","G","VS2",62.6,57,5816,6.41,6.43,4.02
1.26,"Premium","I","SI2",60.1,59,5151,7,6.91,4.18
1.07,"Good","J","VS2",61.7,57.7,4602,6.55,6.58,4.05
1.51,"Premium","E","SI1",62.9,62,9647,7.31,7.21,4.57
0.61,"Ideal","F","VVS2",62.2,55,2634,5.42,5.45,3.38
1.23,"Ideal","H","SI2",62.1,55.9,6088,6.82,6.85,4.24
1.47,"Premium","G","SI2",61.8,58,7557,7.28,7.22,4.48
1.71,"Premium","H","SI1",58.1,59,9193,7.88,7.81,4.56
2.01,"Premium","H","SI1",61.3,59,17849,8.16,8.08,4.98
0.9,"Very Good","F","SI1",62.3,55,3950,6.14,6.18,3.84
1.06,"Ideal","H","SI1",62.7,57,4196,6.53,6.48,4.08
0.37,"Ideal","H","VVS1",61.4,55,815,4.64,4.67,2.86
0.33,"Ideal","F","VVS2",61.4,57,824,4.43,4.46,2.73
3.01,"Good","I","SI2",63.9,60,18242,9.06,9.01,5.77
0.41,"Ideal","J","VS1",62.2,54.5,674,4.75,4.76,2.96
0.58,"Ideal","H","VVS1",61.6,56,2006,5.35,5.39,3.31
1.23,"Ideal","I","VS1",61.5,56,6435,6.86,6.89,4.23
1.51,"Premium","F","SI1",62.2,58,11374,7.32,7.27,4.54
1.01,"Fair","I","VS2",68.7,58,3597,6.14,6,4.19
0.39,"Premium","J","VS1",61.6,59,616,4.67,4.71,2.89
0.34,"Ideal","G","VVS1",62.5,53,956,4.49,4.47,2.8
0.5,"Ideal","G","SI1",60.2,57,1857,5.16,5.2,3.12
0.24,"Ideal","F","VS2",61.8,57,417,3.97,4.02,2.47
1.5,"Fair","H","SI2",59.3,58,7098,7.31,7.37,4.35
0.62,"Very Good","D","VS2",59.2,59.1,2311,5.55,5.6,3.3
0.39,"Ideal","E","IF",62.5,57,1248,4.7,4.74,2.95
0.53,"Ideal","F","VVS2",62.3,56,2045,5.24,5.2,3.25
1.66,"Ideal","I","VS2",62.3,54,11156,7.58,7.61,4.73
0.52,"Ideal","E","VVS2",61.8,56,2430,5.15,5.18,3.19
0.38,"Ideal","E","VVS2",59.9,61,1008,4.71,4.74,2.83
1.06,"Good","I","SI2",58.7,60,3842,6.65,6.71,3.92
1,"Good","E","SI2",61,61,4394,6.37,6.44,3.91
1.01,"Ideal","E","SI2",59.2,56,4751,6.63,6.59,3.91
0.41,"Ideal","G","SI2",61.7,56,648,4.79,4.81,2.96
0.91,"Premium","F","SI1",61.7,59,4036,6.21,6.17,3.82
1.09,"Premium","G","IF",61.3,58,10065,6.64,6.6,4.06
0.32,"Ideal","F","IF",61.2,56,1204,4.41,4.45,2.71
1.13,"Premium","H","SI2",59.4,58,4350,6.74,6.8,4.02
1.11,"Premium","D","SI1",62,58,6962,6.68,6.64,4.13
0.5,"Good","J","VS2",63.2,60,965,5.01,5.06,3.18
0.36,"Premium","E","VS2",61.3,60,1013,4.59,4.54,2.8
0.41,"Premium","H","SI1",62.6,59,876,4.77,4.72,2.97
1,"Premium","G","VS1",60.9,60,6000,6.51,6.41,3.91
0.26,"Good","H","VVS2",63.3,58,468,4.04,4.08,2.57
0.23,"Very Good","D","VVS2",62.5,58,492,3.89,3.92,2.44
0.7,"Good","I","VS2",59.4,57,2234,5.77,5.82,3.44
0.72,"Ideal","G","SI2",62.6,52,2295,5.74,5.77,3.6
1.04,"Ideal","D","VS1",59.1,56,8341,6.65,6.59,3.91
2.22,"Very Good","I","SI1",62.4,55,17160,8.29,8.35,5.19
1.5,"Fair","G","SI1",64.5,57,10352,7.15,7.09,4.59
0.32,"Good","D","SI2",63.9,58,612,4.33,4.31,2.76
1.14,"Ideal","G","VS1",61.8,55,8121,6.71,6.76,4.16
1.41,"Very Good","J","VS1",59.4,59,7636,7.34,7.38,4.37
0.3,"Ideal","F","VVS1",61.9,57,814,4.3,4.32,2.67
2.11,"Premium","J","SI2",62,60,11663,8.19,8.24,5.09
0.74,"Very Good","G","SI1",63.5,60,2468,5.73,5.68,3.62
1.01,"Very Good","F","VVS2",59.8,58,8212,6.47,6.55,3.89
1,"Good","F","VVS2",56.5,63,7016,6.65,6.62,3.75
0.53,"Very Good","F","VS1",61.5,59,1821,5.19,5.22,3.2
0.42,"Premium","G","SI1",61.7,58,945,4.8,4.76,2.95
0.67,"Premium","D","SI2",62.9,56,1819,5.65,5.6,3.54
1.18,"Good","D","SI2",60.7,63,5168,6.77,6.81,4.12
0.88,"Very Good","E","SI2",59.1,58,3150,6.22,6.3,3.7
1.08,"Premium","F","SI2",60.2,59,4488,6.65,6.6,3.99
0.67,"Very Good","I","IF",61.4,56,2066,5.59,5.65,3.45
0.52,"Ideal","G","VS1",62.7,56,1689,5.14,5.16,3.23
0.51,"Ideal","D","VS1",60.7,57,1826,5.18,5.23,3.16
1.5,"Ideal","H","VS1",61,56.8,11557,7.36,7.4,4.5
0.29,"Ideal","H","VVS2",61.6,55,607,4.27,4.29,2.64
0.57,"Ideal","D","SI1",61.4,55,1810,5.35,5.34,3.28
0.4,"Premium","H","VVS2",60.9,58,1125,4.79,4.74,2.9
2.01,"Ideal","I","VS2",64.8,55,15729,7.91,7.87,5.12
0.4,"Ideal","D","VVS2",62.2,55,1263,4.72,4.74,2.94
0.3,"Ideal","D","SI2",63,55,574,4.26,4.25,2.68
1.01,"Premium","H","VS2",61.5,59,5303,6.48,6.49,3.99
1.01,"Very Good","F","VS2",59.9,61,5988,6.46,6.5,3.88
0.34,"Very Good","G","VS1",61.7,60,686,4.45,4.49,2.76
0.7,"Very Good","F","SI1",60.3,57,2343,5.73,5.77,3.47
1.25,"Premium","D","SI1",62.4,58,7924,6.89,6.83,4.28
1.52,"Premium","G","I1",61.7,58,3820,7.43,7.34,4.56
0.54,"Premium","D","SI1",62.6,57,1650,5.21,5.12,3.23
0.52,"Ideal","G","VVS1",60.6,57,2387,5.21,5.26,3.17
1,"Premium","E","VS2",61.8,59,6600,6.38,6.41,3.95
1.23,"Ideal","H","SI2",60.6,57,5951,6.98,6.94,4.22
0.38,"Ideal","D","VVS2",61.3,56,1257,4.73,4.63,2.87
0.42,"Premium","G","VVS1",60.2,59,1235,4.84,4.82,2.91
0.77,"Ideal","D","VS2",61.1,57,3837,5.93,5.96,3.63
0.3,"Premium","F","VS2",61.1,59,605,4.29,4.32,2.63
0.32,"Ideal","I","VVS2",61.5,56,561,4.4,4.42,2.71
0.32,"Ideal","G","VVS2",62.4,56,936,4.42,4.4,2.75
0.9,"Good","F","SI1",64,59,3696,5.97,5.99,3.83
2.01,"Premium","J","VS1",60.2,61,12963,8.23,8.16,4.93
0.44,"Premium","D","VS1",60.2,59,1232,4.93,4.91,2.96
1.21,"Fair","H","SI1",69.6,55,3862,6.49,6.42,4.49
0.36,"Premium","I","VS1",60.3,60,729,4.64,4.58,2.78
1.53,"Very Good","F","VS1",60.3,58,15079,7.48,7.51,4.52
0.3,"Ideal","E","VS2",61.8,56,844,4.34,4.3,2.67
1.63,"Premium","I","VS2",61,60,10479,7.62,7.59,4.64
1.27,"Premium","H","VS2",62.1,60,7219,6.94,6.88,4.29
0.48,"Very Good","D","IF",60.6,55,2677,5.08,5.12,3.09
0.4,"Ideal","F","IF",61.9,54,1406,4.75,4.81,2.96
0.32,"Ideal","H","VVS1",61.9,54,708,4.4,4.42,2.73
1.02,"Ideal","G","VVS2",62.1,54,8847,6.54,6.51,4.05
0.9,"Good","H","SI2",64.3,58,3114,5.97,6.03,3.86
0.32,"Fair","D","VVS1",62.4,61,875,4.38,4.44,2.75
1.52,"Premium","D","SI2",62.8,58,8631,7.37,7.28,4.6
0.35,"Very Good","D","SI1",63.3,57,827,4.53,4.51,2.86
0.26,"Very Good","F","SI1",61.4,56,401,4.13,4.16,2.54
0.32,"Ideal","G","IF",61.9,55,918,4.38,4.44,2.73
1.5,"Premium","F","VS1",59.6,60,15478,7.49,7.41,4.44
0.3,"Good","G","VS1",63.6,55,776,4.29,4.26,2.72
0.57,"Ideal","E","VS1",60.5,57,1884,5.33,5.38,3.24
0.56,"Very Good","F","SI1",60,57,1679,5.41,5.38,3.24
0.8,"Ideal","D","SI1",62.7,57,3564,5.88,5.92,3.7
0.34,"Ideal","G","IF",61.9,54,1014,4.46,4.49,2.77
0.38,"Premium","E","VVS1",61.9,58,1267,4.62,4.66,2.87
1.04,"Premium","D","VS1",60.8,58,7041,6.53,6.5,3.96
1.3,"Very Good","H","SI2",62.8,58,6140,6.93,7.01,4.38
0.71,"Ideal","D","VS2",60.1,56,4029,5.77,5.83,3.48
0.72,"Ideal","F","VS1",61.7,57,2829,5.77,5.74,3.55
1.31,"Premium","I","SI1",62,58,5282,7.01,6.98,4.34
0.27,"Ideal","E","VS2",60.8,56,537,4.25,4.23,2.58
0.31,"Ideal","D","VVS2",61.2,59,805,4.37,4.39,2.68
0.29,"Very Good","F","VVS1",59.8,61,609,4.31,4.35,2.59
0.31,"Good","H","VVS2",63.6,56,625,4.28,4.33,2.74
1.11,"Ideal","I","SI1",61.7,57,6090,6.61,6.64,4.09
1.51,"Premium","E","SI1",60.6,59,12738,7.45,7.41,4.5
0.7,"Ideal","F","SI2",60.6,57.2,2237,5.75,5.77,3.49
0.77,"Ideal","E","SI2",62,54,2563,5.89,5.92,3.66
0.4,"Ideal","F","VVS2",62.9,55,1039,4.75,4.72,2.98
0.46,"Very Good","G","VS2",61.3,56,1172,4.98,5,3.06
1.01,"Premium","E","VS1",60.8,59,7964,6.46,6.42,3.92
0.29,"Very Good","G","VVS1",62,58,522,4.19,4.23,2.61
0.54,"Ideal","E","VS2",62.8,55,1713,5.21,5.24,3.28
0.54,"Ideal","G","SI1",61.5,55.1,1395,5.25,5.27,3.23
1,"Good","G","VS2",63.1,61,5702,6.33,6.38,4.01
1.01,"Good","H","SI1",63.4,59,4749,6.28,6.34,4
0.32,"Very Good","G","VS1",62.9,57,645,4.37,4.4,2.76
0.64,"Ideal","D","VS1",61.5,56,2787,5.54,5.55,3.41
0.5,"Very Good","F","VS2",60.6,58,1436,5.07,5.12,3.09
1.2,"Good","D","SI2",62.2,65,6344,6.75,6.7,4.18
0.71,"Ideal","E","VS1",61.4,59,3198,5.71,5.75,3.52
0.56,"Ideal","F","VVS1",62.1,56,2510,5.29,5.3,3.29
0.74,"Premium","E","SI1",61.4,57,2042,5.83,5.79,3.57
0.52,"Premium","G","SI2",58.8,62,1196,5.31,5.3,3.12
1.55,"Ideal","F","SI2",61.9,55,10937,7.44,7.4,4.6
0.9,"Very Good","H","SI2",61.1,63,3105,6.19,6.12,3.76
1.2,"Premium","F","VS2",61.4,58,6182,6.8,6.75,4.16
0.31,"Good","G","VVS2",63.1,57,707,4.3,4.32,2.72
0.7,"Good","D","SI1",63.6,60,2512,5.59,5.51,3.51
0.5,"Very Good","D","SI1",58.8,60,1436,5.17,5.23,3.06
1.5,"Ideal","F","SI1",61.8,56,12389,7.27,7.34,4.52
0.75,"Very Good","D","SI1",63.9,56,3085,5.73,5.75,3.67
0.33,"Very Good","G","VS2",59.3,61,579,4.49,4.51,2.67
1.5,"Premium","H","I1",60.1,57,3457,7.4,7.28,4.42
1.32,"Ideal","G","VS1",61.4,54,9715,7.09,7.13,4.37
1.2,"Good","F","SI2",59,60,5514,6.9,6.97,4.09
0.7,"Good","F","SI1",61.1,61,2445,5.68,5.71,3.48
0.33,"Premium","I","VS2",60.6,58,463,4.44,4.47,2.7
1.2,"Premium","G","SI2",59.9,59,5250,6.92,6.98,4.16
0.41,"Very Good","H","SI1",62.9,55,683,4.75,4.82,3.01
0.71,"Ideal","I","VS1",61.3,57,2965,5.73,5.76,3.52
0.71,"Very Good","G","SI2",63.4,56,2086,5.68,5.62,3.58
0.32,"Good","F","SI2",63.5,56,421,4.35,4.37,2.77
1.01,"Premium","J","SI2",59.3,56,2683,6.51,6.45,3.84
0.91,"Good","G","SI2",63.6,59,3282,6.15,6.11,3.9
1.5,"Fair","H","SI2",66,64,5000,7.1,6.97,4.64
1.61,"Premium","J","SI2",62.2,59,7245,7.52,7.47,4.66
0.9,"Premium","F","SI2",60.6,59,3951,6.27,6.21,3.78
0.43,"Ideal","E","VS2",62.8,56,1048,4.86,4.79,3.03
1.05,"Very Good","G","SI2",62.6,62,4516,6.45,6.49,4.05
0.33,"Very Good","F","SI1",60.9,54,588,4.47,4.52,2.73
1.01,"Premium","G","SI1",59.2,59,4260,6.52,6.58,3.88
0.41,"Ideal","F","VS2",62.1,56,863,4.74,4.79,2.96
0.75,"Good","E","SI2",59.7,62,2497,5.85,5.88,3.5
0.72,"Very Good","D","SI1",60.5,57,3102,5.85,5.89,3.55
0.42,"Ideal","D","VVS2",61.7,57,1132,4.8,4.82,2.97
0.31,"Premium","G","VS1",62.9,58,802,4.35,4.3,2.72
1,"Very Good","F","SI2",63.3,58,4269,6.26,6.29,3.97
1.56,"Very Good","I","VS2",59.7,60,9231,7.53,7.58,4.51
0.3,"Premium","D","SI1",62.1,59,662,4.31,4.29,2.67
0.42,"Premium","G","VS1",60.8,59,984,4.85,4.79,2.93
0.55,"Ideal","E","SI1",61.7,56,1668,5.29,5.24,3.25
